,Value,Mean_Value(10)
0,0.007188498,
1,-75.74971,
2,-45.810013,
3,-45.558647,
4,-45.53305,
5,-45.530815,
