,steps,time
0,200.0,0.008064320087432863
1,112.18800000000002,0.004635581493377686
2,112.576,0.004509869575500489
3,115.102,0.004623568058013916
4,115.102,0.004623568058013916
